<?xml version="1.0" encoding="UTF-8"?>
<beans xmlns="http://www.springframework.org/schema/beans"
	xmlns:xsi="http://www.w3.org/2001/XMLSchema-instance"
	xmlns:context="http://www.springframework.org/schema/context"
	xmlns:mvc="http://www.springframework.org/schema/mvc"
	xsi:schemaLocation="http://www.springframework.org/schema/mvc http://www.springframework.org/schema/mvc/spring-mvc-4.3.xsd
		http://www.springframework.org/schema/beans http://www.springframework.org/schema/beans/spring-beans.xsd
		http://www.springframework.org/schema/context http://www.springframework.org/schema/context/spring-context-4.3.xsd">
		
		<context:component-scan
	base-package="com.petshop.controller">
		</context:component-scan>


	<mvc:annotation-driven></mvc:annotation-driven>
	<!-- JSP View Resolver -->
	<mvc:resources location="/WEB-INF/views/main/" mapping="/main/**"></mvc:resources>
	<mvc:resources location="/WEB-INF/views/beauty/" mapping="/beauty/**"></mvc:resources>
	<mvc:resources location="/WEB-INF/views/mypage/" mapping="/mypage/**"></mvc:resources>
	<mvc:resources location="/WEB-INF/views/cart/" mapping="/cart/**"></mvc:resources>
	<mvc:resources location="/WEB-INF/views/order/" mapping="/order/**"></mvc:resources>
	
	<mvc:resources location="/WEB-INF/resources/assets/" mapping="/assets/**"></mvc:resources>
	<mvc:resources location="/WEB-INF/resources/img/" mapping="/img/**"></mvc:resources>
	<mvc:resources location="/WEB-INF/resources/css/" mapping="/css/**"></mvc:resources>
	<mvc:resources location="/WEB-INF/resources/vendor/" mapping="/vendor/**"></mvc:resources>
	<mvc:resources location="/WEB-INF/resources/admin/" mapping="/admin/**"></mvc:resources>
	

	<!-- 파일 전송 설정 -->
	<bean id="multipartResolver"
		class="org.springframework.web.multipart.commons.CommonsMultipartResolver">
		<property name="maxUploadSize" value="-1"></property>
	</bean>

	<!-- JSP View Resolver -->
	<bean
		class="org.springframework.web.servlet.view.InternalResourceViewResolver">
		<property name="prefix" value="/WEB-INF/views/"></property>
		<property name="suffix" value=".jsp"></property>
		<property name="contentType" value="text/html;charset=UTF-8"></property>
	</bean>
	
</beans>