<?xml version="1.0" encoding="UTF-8"?>
<beans xmlns="http://www.springframework.org/schema/beans"
	xmlns:xsi="http://www.w3.org/2001/XMLSchema-instance"
	xmlns:context="http://www.springframework.org/schema/context"
	xmlns:mvc="http://www.springframework.org/schema/mvc"
	xmlns:aop="http://www.springframework.org/schema/aop"
	xmlns:tx="http://www.springframework.org/schema/tx"
	xsi:schemaLocation="http://www.springframework.org/schema/mvc http://www.springframework.org/schema/mvc/spring-mvc-4.3.xsd
		http://www.springframework.org/schema/beans http://www.springframework.org/schema/beans/spring-beans.xsd
		http://www.springframework.org/schema/context http://www.springframework.org/schema/context/spring-context-4.3.xsd
		http://www.springframework.org/schema/aop http://www.springframework.org/schema/aop/spring-aop-4.3.xsd
		http://www.springframework.org/schema/tx http://www.springframework.org/schema/tx/spring-tx-4.3.xsd">
 
	<context:component-scan base-package="com.petshop.admin,com.petshop.beauty,com.petshop.purchase" >
	</context:component-scan>


	<mvc:annotation-driven></mvc:annotation-driven>
	
	<!-- AOP 어노테이션 설정 -->
	<aop:aspectj-autoproxy></aop:aspectj-autoproxy>
	
	<context:property-placeholder location="classpath:config/database.properties"/>
	
	<bean id="dataSource" class="org.apache.commons.dbcp.BasicDataSource" destroy-method="close">
		<property name="driverClassName" value="${jdbc.driver}"></property>
		<property name="url" value="${jdbc.url}"></property>
		<property name="username" value="${jdbc.username}"></property>
		<property name="password" value="${jdbc.password}"></property>
	</bean>
	
	<!-- sqlSessionFactory 등록 -->
	<bean id="sqlSessionFactory" 
	class="org.mybatis.spring.SqlSessionFactoryBean">
		<property name="dataSource" ref="dataSource"/>
		<property name="configLocation" value="classpath:sql-map-config.xml"></property>
	</bean>
	
	<!-- SqlSessionTemplate 등록 -->
	<bean class="org.mybatis.spring.SqlSessionTemplate">
		<constructor-arg ref="sqlSessionFactory"></constructor-arg>
	</bean>

		<!-- 트랜잭션 관리자 등록 -->
	<bean id="txManager" class="org.springframework.jdbc.datasource.DataSourceTransactionManager">
		<property name="dataSource" ref="dataSource"></property>
	</bean>
	
	<!-- 트랜잭션 어드바이스 등록 -->
	<tx:advice id="txAdivce" transaction-manager="txManager">
	<tx:attributes>
		<tx:method name="get*" read-only="true"/>
		<tx:method name="*"/>
	</tx:attributes>
	</tx:advice> 
	
	<!-- 트랜잭션 AOP 설정 -->
	<aop:config>
		<!-- 포인트컷 정의 -->
		<aop:pointcut expression="execution(* com.petshop.beauty..*(..))" id="txPointcut"/>
	
		<!-- weaving -->
		<aop:advisor pointcut-ref="txPointcut" advice-ref="txAdivce"/>
	</aop:config>
</beans>


