<?xml version="1.0" encoding="UTF-8"?>
<!DOCTYPE mapper PUBLIC "-//mybatis.org//DTD Mapper 3.0//EN" "http://mybatis.org/dtd/mybatis-3-mapper.dtd" >
<mapper namespace="CartMapper">

	<insert id="insertCart" parameterType="cart">
		INSERT INTO carttbl(mid,pno,qty)
		VALUES(#{mid},#{pno},#{qty})
	</insert>

	<!-- 자신의 장바구니 목록 조회 -->
	<select id="listCart" resultType="cartview">
		SELECT * FROM cart_view WHERE
		mid=#{mid}
	</select>


	<!-- 장바구니 목록 삭제 -->
	<delete id="deleteCart" parameterType="cart">
		DELETE from carttbl WHERE cart=#{cart}
	</delete>
	
	<update id="updateCart">
	UPDATE carttbl SET qty=#{qty} WHERE cart=#{cart}
	</update>

</mapper>