<?xml version="1.0" encoding="UTF-8"?>
<!DOCTYPE mapper PUBLIC "-//mybatis.org//DTD Mapper 3.0//EN" "http://mybatis.org/dtd/mybatis-3-mapper.dtd" >
<mapper namespace="MemberMapper">
	<!-- 회원가입 -->
	<insert id="join">
		insert into membertbl(mname, mid, mpwd, mphone,
		maddr, email,aposition) values (
		#{mname},#{mid},#{mpwd},#{mphone},#{maddr},#{email},#{aposition})
	</insert>
	<!-- 회원상세 -->
	<select id="memberDetail" resultType="member">
		select * from membertbl
		where
		mid=#{mid}
	</select>
	<select id="getMemberLogin" resultType="member">
		select * from membertbl
		where
		mid=#{mid} and mpwd=#{mpwd}
	</select>
	
	<!-- 로그인 -->
	<select id="idCheck" resultType="String">
		select mpwd from membertbl where
		mid = #{mid}
	</select>
	<select id="memberList" parameterType="hashMap"
		resultType="member">
		select * from membertbl where aposition=0 order by mid desc
		limit #{criteria.sqlPage} , #{criteria.rowsPerPage}
	</select>

	<update id="memberUpdate">
		update membertbl set mname=#{mname}, mphone=#{mphone}, maddr=#{maddr},
		email=#{email}, aposition=#{aposition}
		where mid=#{mid}
		<!-- update membertbl set mname=#{mname} and mphone=#{mphone} and mpoint=#{mpoint} 
			and maddr=#{maddr} and mcontent=#{mcontent} and email=#{email} and aposition=#{aposition} 
			where mid=#{mid} -->
	</update>

	<delete id="memberDelete">
		delete from membertbl where mid=#{mid}
	</delete>

	<update id="pwdUpdate">
		update membertbl set mpwd=#{mpwd} where mid=#{mid}
	</update>

	<select id="memberCount" resultType="int">
		select count(*) from membertbl where aposition=0
	</select>
	
	
	
</mapper>
