<?xml version="1.0" encoding="UTF-8"?>
<!DOCTYPE mapper PUBLIC "-//mybatis.org//DTD Mapper 3.0//EN" "http://mybatis.org/dtd/mybatis-3-mapper.dtd" >
<mapper namespace="OrderMapping">
	
	<!-- 새로운 주문 생성 -->
	<insert id="insertOrder" parameterType="hashMap">
		INSERT INTO ordertbl(mid,pno,qty,cono,address,phone)
		VALUES(#{mid}, #{pno}, #{qty}, #{cono}, #{address}, #{phone})
	</insert>
	
	<select id="orderResultlist" parameterType="hashMap" resultType="orderresultVo">
		select * from order_result_view 
		where mid=#{mid} 
		order by odate desc 
		limit 0,#{criteria.count}
	</select>
	
	<select id="getOrderList" resultType="orderresultVo">
		select * from order_result_view where cono=#{cono} order by odate desc 
	</select>
	
	<delete id="deleteOrder">
		delete from ordertbl where cono=#{cono}
	</delete>
	
	

</mapper>