<?xml version="1.0" encoding="UTF-8"?>
<!DOCTYPE mapper PUBLIC "-//mybatis.org//DTD Mapper 3.0//EN" "http://mybatis.org/dtd/mybatis-3-mapper.dtd" >
<mapper namespace="PurchaseMapper">
	<select id="categoryList" resultType="category">
		select * from categorytbl
	</select>
	<!-- 카테고리 상세조회 -->
	<select id="catDetail" resultType="category">
		select * from categorytbl where
		cno=#{cno}
	</select>
	<!-- 카테고리 등록 -->
	<insert id="catInsert">
		insert into categorytbl(cname, dcno)
		values(#{cname},#{dcno})
	</insert>
	<!-- 카테고리 수정 -->
	<update id="catUpdate">
		update categorytbl set cname=#{cname},dcno=#{dcno} where cno=#{cno}
	</update>
	<!-- 카테고리삭제 -->
	<delete id="catDelete">
		delete from cattbl where cno=#{cno}
	</delete>
</mapper>